<?xml version="1.0" encoding="UTF-8"?>
<project name="ems-post-install" default="post-install">
    <property environment="env" />

    <property name="bin.dir" value="${ems.home}/bin"/>
   
    <condition property="isUnix">
        <os family="unix"/>
    </condition>

    <condition property="isWin">
        <not>
            <os family="unix"/>
        </not>
    </condition>

    <target name="set32bit">
        <property name="32bit" value="true"/>
        <property name="lib.dir" value="${ems.home}/lib"/>
    </target>

    <target name="set64bit">
        <property name="64bit" value="true"/>
        <property name="lib.dir" value="${ems.home}/lib/64"/>
    </target>

    <macrodef name="definesymlinks.tasks">
        <sequential>
            <!-- All Platforms -->
            <antcall target="link"> <param name="linkname" value="tibemsd64"/> <param name="resourcename" value="tibemsd"/> <param name="dirname" value="${bin.dir}"/> </antcall>
            <antcall target="link"> <param name="linkname" value="tibemsdbconvert64"/> <param name="resourcename" value="tibemsdbconvert"/> <param name="dirname" value="${bin.dir}"/> </antcall>
            <antcall target="link"> <param name="linkname" value="tibemsadmin64"/> <param name="resourcename" value="tibemsadmin"/> <param name="dirname" value="${bin.dir}"/> </antcall>
            <antcall target="link"> <param name="linkname" value="tibemsmonitor64"/> <param name="resourcename" value="tibemsmonitor"/> <param name="dirname" value="${bin.dir}"/> </antcall>
            <!-- AIX -->
            <!-- all 32bit and 64bit -->
            <antcall target="link"> <param name="linkname" value="liblber-2.4.so.2"/> <param name="resourcename" value="liblber-2.4.so.2.10.3"/> <param name="dirname" value="${lib.dir}"/> </antcall>
            <antcall target="link"> <param name="linkname" value="liblber.so"/> <param name="resourcename" value="liblber-2.4.so.2.10.3"/> <param name="dirname" value="${lib.dir}"/> </antcall>
            <antcall target="link"> <param name="linkname" value="libldap-2.4.so.2"/> <param name="resourcename" value="libldap-2.4.so.2.10.3"/> <param name="dirname" value="${lib.dir}"/> </antcall>
            <antcall target="link"> <param name="linkname" value="libldap.so"/> <param name="resourcename" value="libldap-2.4.so.2.10.3"/> <param name="dirname" value="${lib.dir}"/> </antcall>
            <antcall target="link"> <param name="linkname" value="libxml2.so.2"/> <param name="resourcename" value="libxml2.so.2.9.2"/> <param name="dirname" value="${lib.dir}"/> </antcall>
            <antcall target="link"> <param name="linkname" value="libxml2.so"/> <param name="resourcename" value="libxml2.so.2.9.2"/> <param name="dirname" value="${lib.dir}"/> </antcall>
            <!-- MAC OS -->
            <!-- all 32bit and 64bit -->
            <antcall target="link"> <param name="linkname" value="libcrypto.dylib"/> <param name="resourcename" value="libcrypto.1.0.0.dylib"/> <param name="dirname" value="${lib.dir}"/> </antcall>
            <antcall target="link"> <param name="linkname" value="libssl.dylib"/> <param name="resourcename" value="libssl.1.0.0.dylib"/> <param name="dirname" value="${lib.dir}"/> </antcall>
            <antcall target="link"> <param name="linkname" value="liblber-2.4.2.dylib"/> <param name="resourcename" value="liblber-2.4.2.10.3.dylib"/> <param name="dirname" value="${lib.dir}"/> </antcall>
            <antcall target="link"> <param name="linkname" value="liblber.dylib"/> <param name="resourcename" value="liblber-2.4.2.10.3.dylib"/> <param name="dirname" value="${lib.dir}"/> </antcall>
            <antcall target="link"> <param name="linkname" value="libldap-2.4.2.dylib"/> <param name="resourcename" value="libldap-2.4.2.10.3.dylib"/> <param name="dirname" value="${lib.dir}"/> </antcall>
            <antcall target="link"> <param name="linkname" value="libldap.dylib"/> <param name="resourcename" value="libldap-2.4.2.10.3.dylib"/> <param name="dirname" value="${lib.dir}"/> </antcall>
            <antcall target="link"> <param name="linkname" value="libz.dylib"/> <param name="resourcename" value="libz.1.2.8.dylib"/> <param name="dirname" value="${lib.dir}"/> </antcall>
            <antcall target="link"> <param name="linkname" value="libz.1.dylib"/> <param name="resourcename" value="libz.1.2.8.dylib"/> <param name="dirname" value="${lib.dir}"/> </antcall>
            <!-- HPUX IA64 -->
            <!-- all 32bit and 64bit -->
            <antcall target="link"> <param name="linkname" value="liblber-2.4.so.12"/> <param name="resourcename" value="liblber-2.4.so.12.3"/> <param name="dirname" value="${lib.dir}"/> </antcall>
            <antcall target="link"> <param name="linkname" value="liblber.so"/> <param name="resourcename" value="liblber-2.4.so.12.3"/> <param name="dirname" value="${lib.dir}"/> </antcall>
            <antcall target="link"> <param name="linkname" value="libldap-2.4.so.12"/> <param name="resourcename" value="libldap-2.4.so.12.3"/> <param name="dirname" value="${lib.dir}"/> </antcall>
            <antcall target="link"> <param name="linkname" value="libldap.so"/> <param name="resourcename" value="libldap-2.4.so.12.3"/> <param name="dirname" value="${lib.dir}"/> </antcall>
            <antcall target="link"> <param name="linkname" value="libxml2.so"/> <param name="resourcename" value="libxml2.so.11.2"/> <param name="dirname" value="${lib.dir}"/> </antcall>
            <antcall target="link"> <param name="linkname" value="libxml2.so.11"/> <param name="resourcename" value="libxml2.so.11.2"/> <param name="dirname" value="${lib.dir}"/> </antcall>
            <!-- All UNIX but MAC -->
            <!-- all 32bit and 64bit -->
            <antcall target="link"> <param name="linkname" value="libcrypto.so"/> <param name="resourcename" value="libcrypto.so.1.0.0"/> <param name="dirname" value="${lib.dir}"/> </antcall>
            <antcall target="link"> <param name="linkname" value="libssl.so"/> <param name="resourcename" value="libssl.so.1.0.0"/> <param name="dirname" value="${lib.dir}"/> </antcall>
            <antcall target="link"> <param name="linkname" value="libz.so.1"/> <param name="resourcename" value="libz.so.1.2.8"/> <param name="dirname" value="${lib.dir}"/> </antcall>
            <antcall target="link"> <param name="linkname" value="libz.so"/> <param name="resourcename" value="libz.so.1.2.8"/> <param name="dirname" value="${lib.dir}"/> </antcall>
            <!-- Solaris x86/Sparc and LINUX -->
            <!-- all 32bit and 64bit -->
            <antcall target="link"> <param name="linkname" value="liblber.so"/> <param name="resourcename" value="liblber-2.4.so.2.10.3"/> <param name="dirname" value="${lib.dir}"/> </antcall>
            <antcall target="link"> <param name="linkname" value="liblber-2.4.so.2"/> <param name="resourcename" value="liblber-2.4.so.2.10.3"/> <param name="dirname" value="${lib.dir}"/> </antcall>
            <antcall target="link"> <param name="linkname" value="libldap.so"/> <param name="resourcename" value="libldap-2.4.so.2.10.3"/> <param name="dirname" value="${lib.dir}"/> </antcall>
            <antcall target="link"> <param name="linkname" value="libldap-2.4.so.2"/> <param name="resourcename" value="libldap-2.4.so.2.10.3"/> <param name="dirname" value="${lib.dir}"/> </antcall>
            <antcall target="link"> <param name="linkname" value="libxml2.so"/> <param name="resourcename" value="libxml2.so.2.9.2"/> <param name="dirname" value="${lib.dir}"/> </antcall>
            <antcall target="link"> <param name="linkname" value="libxml2.so.2"/> <param name="resourcename" value="libxml2.so.2.9.2"/> <param name="dirname" value="${lib.dir}"/> </antcall>
        </sequential>
    </macrodef>

    <macrodef name="deletesymlinks.tasks">
        <sequential>
            <!-- All Platforms -->
            <antcall target="deletesymlink"> <param name="linkname" value="tibemsd64"/> <param name="resourcename" value="tibemsd"/> <param name="dirname" value="${bin.dir}"/> </antcall>
            <antcall target="deletesymlink"> <param name="linkname" value="tibemsdbconvert64"/> <param name="resourcename" value="tibemsdbconvert"/> <param name="dirname" value="${bin.dir}"/> </antcall>
            <antcall target="deletesymlink"> <param name="linkname" value="tibemsadmin64"/> <param name="resourcename" value="tibemsadmin"/> <param name="dirname" value="${bin.dir}"/> </antcall>
            <antcall target="deletesymlink"> <param name="linkname" value="tibemsmonitor64"/> <param name="resourcename" value="tibemsmonitor"/> <param name="dirname" value="${bin.dir}"/> </antcall>
            <!-- AIX -->
            <!-- all 32bit and 64bit -->
            <antcall target="deletesymlink"> <param name="linkname" value="liblber-2.4.so.2"/> <param name="resourcename" value="liblber-2.4.so.2.10.3"/> <param name="dirname" value="${lib.dir}"/> </antcall>
            <antcall target="deletesymlink"> <param name="linkname" value="liblber.so"/> <param name="resourcename" value="liblber-2.4.so.2.10.3"/> <param name="dirname" value="${lib.dir}"/> </antcall>
            <antcall target="deletesymlink"> <param name="linkname" value="libldap-2.4.so.2"/> <param name="resourcename" value="libldap-2.4.so.2.10.3"/> <param name="dirname" value="${lib.dir}"/> </antcall>
            <antcall target="deletesymlink"> <param name="linkname" value="libldap.so"/> <param name="resourcename" value="libldap-2.4.so.2.10.3"/> <param name="dirname" value="${lib.dir}"/> </antcall>
            <antcall target="deletesymlink"> <param name="linkname" value="libxml2.so.2"/> <param name="resourcename" value="libxml2.so.2.9.2"/> <param name="dirname" value="${lib.dir}"/> </antcall>
            <antcall target="deletesymlink"> <param name="linkname" value="libxml2.so"/> <param name="resourcename" value="libxml2.so.2.9.2"/> <param name="dirname" value="${lib.dir}"/> </antcall>
            <!-- MAC OS -->
            <!-- all 32bit and 64bit -->
            <antcall target="deletesymlink"> <param name="linkname" value="libcrypto.dylib"/> <param name="resourcename" value="libcrypto.1.0.0.dylib"/> <param name="dirname" value="${lib.dir}"/> </antcall>
            <antcall target="deletesymlink"> <param name="linkname" value="libssl.dylib"/> <param name="resourcename" value="libssl.1.0.0.dylib"/> <param name="dirname" value="${lib.dir}"/> </antcall>
            <antcall target="deletesymlink"> <param name="linkname" value="liblber-2.4.2.dylib"/> <param name="resourcename" value="liblber-2.4.2.10.3.dylib"/> <param name="dirname" value="${lib.dir}"/> </antcall>
            <antcall target="deletesymlink"> <param name="linkname" value="liblber.dylib"/> <param name="resourcename" value="liblber-2.4.2.10.3.dylib"/> <param name="dirname" value="${lib.dir}"/> </antcall>
            <antcall target="deletesymlink"> <param name="linkname" value="libldap-2.4.2.dylib"/> <param name="resourcename" value="libldap-2.4.2.10.3.dylib"/> <param name="dirname" value="${lib.dir}"/> </antcall>
            <antcall target="deletesymlink"> <param name="linkname" value="libldap.dylib"/> <param name="resourcename" value="libldap-2.4.2.10.3.dylib"/> <param name="dirname" value="${lib.dir}"/> </antcall>
            <antcall target="deletesymlink"> <param name="linkname" value="libz.dylib"/> <param name="resourcename" value="libz.1.2.8.dylib"/> <param name="dirname" value="${lib.dir}"/> </antcall>
            <antcall target="deletesymlink"> <param name="linkname" value="libz.1.dylib"/> <param name="resourcename" value="libz.1.2.8.dylib"/> <param name="dirname" value="${lib.dir}"/> </antcall>
            <!-- HPUX IA64 -->
            <!-- all 32bit and 64bit -->
            <antcall target="deletesymlink"> <param name="linkname" value="liblber-2.4.so.12"/> <param name="resourcename" value="liblber-2.4.so.12.3"/> <param name="dirname" value="${lib.dir}"/> </antcall>
            <antcall target="deletesymlink"> <param name="linkname" value="liblber.so"/> <param name="resourcename" value="liblber-2.4.so.12.3"/> <param name="dirname" value="${lib.dir}"/> </antcall>
            <antcall target="deletesymlink"> <param name="linkname" value="libldap-2.4.so.12"/> <param name="resourcename" value="libldap-2.4.so.12.3"/> <param name="dirname" value="${lib.dir}"/> </antcall>
            <antcall target="deletesymlink"> <param name="linkname" value="libldap.so"/> <param name="resourcename" value="libldap-2.4.so.12.3"/> <param name="dirname" value="${lib.dir}"/> </antcall>
            <antcall target="deletesymlink"> <param name="linkname" value="libxml2.so"/> <param name="resourcename" value="libxml2.so.11.2"/> <param name="dirname" value="${lib.dir}"/> </antcall>
            <antcall target="deletesymlink"> <param name="linkname" value="libxml2.so.11"/> <param name="resourcename" value="libxml2.so.11.2"/> <param name="dirname" value="${lib.dir}"/> </antcall>
            <!-- All UNIX but MAC -->
            <!-- all 32bit and 64bit -->
            <antcall target="deletesymlink"> <param name="linkname" value="libcrypto.so"/> <param name="resourcename" value="libcrypto.so.1.0.0"/> <param name="dirname" value="${lib.dir}"/> </antcall>
            <antcall target="deletesymlink"> <param name="linkname" value="libssl.so"/> <param name="resourcename" value="libssl.so.1.0.0"/> <param name="dirname" value="${lib.dir}"/> </antcall>
            <antcall target="deletesymlink"> <param name="linkname" value="libz.so.1"/> <param name="resourcename" value="libz.so.1.2.8"/> <param name="dirname" value="${lib.dir}"/> </antcall>
            <antcall target="deletesymlink"> <param name="linkname" value="libz.so"/> <param name="resourcename" value="libz.so.1.2.8"/> <param name="dirname" value="${lib.dir}"/> </antcall>
            <!-- Solaris x86/Sparc and LINUX -->
            <!-- all 32bit and 64bit -->
            <antcall target="deletesymlink"> <param name="linkname" value="liblber.so"/> <param name="resourcename" value="liblber-2.4.so.2.10.3"/> <param name="dirname" value="${lib.dir}"/> </antcall>
            <antcall target="deletesymlink"> <param name="linkname" value="liblber-2.4.so.2"/> <param name="resourcename" value="liblber-2.4.so.2.10.3"/> <param name="dirname" value="${lib.dir}"/> </antcall>
            <antcall target="deletesymlink"> <param name="linkname" value="libldap.so"/> <param name="resourcename" value="libldap-2.4.so.2.10.3"/> <param name="dirname" value="${lib.dir}"/> </antcall>
            <antcall target="deletesymlink"> <param name="linkname" value="libldap-2.4.so.2"/> <param name="resourcename" value="libldap-2.4.so.2.10.3"/> <param name="dirname" value="${lib.dir}"/> </antcall>
            <antcall target="deletesymlink"> <param name="linkname" value="libxml2.so"/> <param name="resourcename" value="libxml2.so.2.9.2"/> <param name="dirname" value="${lib.dir}"/> </antcall>
            <antcall target="deletesymlink"> <param name="linkname" value="libxml2.so.2"/> <param name="resourcename" value="libxml2.so.2.9.2"/> <param name="dirname" value="${lib.dir}"/> </antcall>
        </sequential>
    </macrodef>

    <target name="link" depends="deletesymlink" if="resourcename.present">
        <macrodef name="symlink.tasks">
            <attribute name="taskslinkname" />
            <attribute name="tasksresourcename" />
            <attribute name="tasksdirname" />
            <sequential>
                <echo> symlink @{tasksdirname}/@{taskslinkname} @{tasksresourcename} </echo>
                <symlink link="@{tasksdirname}/@{taskslinkname}" resource="@{tasksresourcename}"/>
            </sequential>
        </macrodef>
        <symlink.tasks taskslinkname="${linkname}" tasksresourcename="${resourcename}" tasksdirname="${dirname}"/>
    </target>

    <target name="checksymlinkexists">
        <echo> checking existence of ${dirname}/${resourcename} and ${dirname}/${linkname} </echo>
        <available file="${dirname}/${resourcename}" type="file" property="resourcename.present"/>
        <available file="${dirname}/${linkname}" type="file" property="linkname.present"/>
        <condition property="deleteSymlinkFlag">
            <and>
                <equals arg1="${resourcename.present}" arg2="true" />
                <equals arg1="${linkname.present}" arg2="true" />
            </and>
        </condition>

    </target>

    <target name="deletesymlink" depends="checksymlinkexists" if="deleteSymlinkFlag">
        <echo> deleting ${dirname}/${linkname} </echo>
        <symlink action="delete" link="${dirname}/${linkname}"/>
    </target>

    <!-- tasks to perform template copies and substitute variables -->
    <macrodef name="template.tasks">
        <attribute name="file" />
        <attribute name="dest" />
        <attribute name="ext" />
        <sequential>
            <copy file="@{dest}/@{file}.@{ext}_template" tofile="@{dest}/@{file}.@{ext}" overwrite="true" verbose="true" />
            <echo> Substituting variables for @{dest}/@{file}.@{ext} </echo> 
            <replace file="@{dest}/@{file}.@{ext}">
                <replacefilter token="%TIBCO_HOME_ESC%" value="${tibco.home.esc}"/>
                <replacefilter token="%TIBCO_JAVA_VERSION%" value="${tibco.java.version}"/>
                <replacefilter token="%TIBCO_JAVA_HOME_ESC%" value="${tibco.java.home.esc}"/>
                <replacefilter token="%TIBCO_JVM_LIB_ESC%" value="${tibco.jvm.lib.esc}"/>
                <replacefilter token="%TIBCO_JVM_LIB_DIR_ESC%" value="${tibco.jvm.lib.dir.esc}"/>
                <replacefilter token="%TIBCO_JVM_LIB_SERVER_ESC%" value="${tibco.jvm.lib.server.esc}"/>
                <replacefilter token="%TIBCO_JVM_LIB_SERVER_DIR_ESC%" value="${tibco.jvm.lib.server.dir.esc}"/>
                <replacefilter token="%TIBCO_JVM_LIB_CLIENT_ESC%" value="${tibco.jvm.lib.client.esc}"/>
                <replacefilter token="%TIBCO_JVM_LIB_CLIENT_DIR_ESC%" value="${tibco.jvm.lib.client.dir.esc}"/>
                <replacefilter token="%TIBCO_COMPONENT_STORE%" value="${tibco.component.store}"/>
                <replacefilter token="%TIBCO_COMPONENT_STORE_PLUGINS%" value="${tibco.component.store.plugins}"/>
                <replacefilter token="%TIBCO_COMPONENT_STORE_NAME%" value="${component.store.name}"/>
                <replacefilter token="%TIBCO_COMPONENT_STORE_VERSION%%" value="${component.store.version}"/>
                <replacefilter token="%TIBCO_CONFIG_HOME_ESC%" value="${tibco.home.cfgmgmt.dir.esc}"/>
                <replacefilter token="%TIBCO_CONFIG_MGMT_HOME_ESC%" value="${tibco.home.cfgmgmt.dir.esc}"/>
                <replacefilter token="%TIBCO_HOME_CFGMGMT_DIR_ESC%" value="${tibco.home.cfgmgmt.dir.esc}" />
                <replacefilter token="%TIBCO_ENVIRONMENT_NAME%" value="${tibco.environment.name}"/>
                <replacefilter token="%TIBCO_EMS_HOME%" value="${ems.home}"/>
                <replacefilter token="%PSP%" value="${psp}"/>
                <replacefilter token="%FSP%" value="${fsp}"/>
            </replace>
        </sequential>
    </macrodef>

    <target name="pre-assembly-ref-ems_runtime_cfgcmgmt_common" >
        <template.tasks file="tibemsd" dest="${tibco.config.mgmt.home}/ems/data" ext="conf"/>
        <mkdir dir="${tibco.config.mgmt.home}/ems/data/routestore-1/" />
        <mkdir dir="${tibco.config.mgmt.home}/ems/data/routestore-2/" />
        <mkdir dir="${tibco.config.mgmt.home}/ems/data/datastore/" />
    </target>

    <target name="pre-assembly-ref-ems_runtime_cfgcmgmt_jaas" >
        <template.tasks file="tibemsd-jaas" dest="${tibco.config.mgmt.home}/ems/data" ext="conf"/>
    </target>


    <target name="pre-assembly-ref-ems_runtime" if="isWin">
        <template.tasks file="tibemsd" dest="${ems.home}/bin" ext="bat"/>
        <copy file="${ems.home}/bin/emsntsct.exe" todir="${systemroot}" overwrite="true" verbose="true"/>
    </target>

    <target name="pre-assembly-ref-ems_server" depends="set64bit" if="isUnix">
        <template.tasks file="tibemsd" dest="${ems.home}/bin" ext="sh"/>
        <chmod file="${ems.home}/bin/tibemsd.sh" perm="555" />
    </target>
    
    <target name="pre-assembly-ref-ems_64bit_client_runtime" depends="set64bit" if="isUnix">
        <definesymlinks.tasks />
    </target>

    <target name="pre-assembly-ref-ems_32bit_client_runtime" depends="set32bit" if="isUnix">
        <definesymlinks.tasks />
    </target>
    
    <target name="pre-uninstall-ref-ems_32bit_client_runtime" depends="set32bit" if="isUnix">
        <deletesymlinks.tasks />
    </target>
    
    <target name="pre-uninstall-ref-ems_64bit_client_runtime" depends="set64bit" if="isUnix">
        <deletesymlinks.tasks />
    </target>
    

    <target name="pre-uninstall-ref-ems_runtime" if="isWin">
        <delete file="${systemroot}/emsntsct.exe" failonerror="true"/>
    </target>

    <target name="pre-uninstall-ref-ems_runtime_cfgcmgmt_common" >
        <delete dir="${tibco.config.mgmt.home}/ems/data/routestore-1/" />
        <delete dir="${tibco.config.mgmt.home}/ems/data/routestore-2/" />
        <delete dir="${tibco.config.mgmt.home}/ems/data/datastore/" />
    </target>


</project>
